{"Min":{"X":-1.5000195503234863,"Y":-1.0000195503234863,"Z":-0.3000195324420929},"Max":{"X":1.4999804496765137,"Y":0.9999804496765137,"Z":3.9999804496765137},"Tree":{"Axis":{"X":0.3090169943749475,"Y":0,"Z":0.9510565162951536},"Threshold":0.6623914822481303,"LessThan":{"Axis":{"X":1,"Y":0,"Z":-6.525727206302103e-17},"Threshold":-1.4999615340868921,"LessThan":{"Axis":{"X":0,"Y":0,"Z":0},"Threshold":0,"LessThan":null,"GreaterEqual":null,"Leaf":false},"GreaterEqual":{"Axis":{"X":1.2970516801650538,"Y":-0.07469830929760114,"Z":-2.3343288491334135},"Threshold":1.5315193552213076,"LessThan":{"Axis":{"X":0,"Y":-1,"Z":6.123233995736757e-17},"Threshold":-0.9998920582549631,"LessThan":{"Axis":{"X":0,"Y":0,"Z":0},"Threshold":0,"LessThan":null,"GreaterEqual":null,"Leaf":false},"GreaterEqual":{"Axis":{"X":0,"Y":-1,"Z":6.123233995736757e-17},"Threshold":0.9999147866315734,"LessThan":{"Axis":{"X":0.007088965979896223,"Y":-0.0026545990024087135,"Z":-2.6722863222906055},"Threshold":-0.13118099580761378,"LessThan":{"Axis":{"X":-0.27932097969820563,"Y":0.01545279226441231,"Z":5.860709738527664},"Threshold":2.0323913298586405,"LessThan":{"Axis":{"X":1,"Y":0,"Z":-6.525727206302103e-17},"Threshold":1.500013322003255,"LessThan":{"Axis":{"X":0,"Y":0,"Z":0},"Threshold":0,"LessThan":null,"GreaterEqual":null,"Leaf":true},"GreaterEqual":{"Axis":{"X":0,"Y":0,"Z":0},"Threshold":0,"LessThan":null,"GreaterEqual":null,"Leaf":false},"Leaf":false},"GreaterEqual":{"Axis":{"X":-0.0005890546321937037,"Y":0.000037757508559187544,"Z":-0.00031115856174266916},"Threshold":-1.00004454380061,"LessThan":{"Axis":{"X":0,"Y":0,"Z":0},"Threshold":0,"LessThan":null,"GreaterEqual":null,"Leaf":true},"GreaterEqual":{"Axis":{"X":0,"Y":0,"Z":0},"Threshold":0,"LessThan":null,"GreaterEqual":null,"Leaf":false},"Leaf":false},"Leaf":false},"GreaterEqual":{"Axis":{"X":-0.2644001915629616,"Y":-0.11114427709913599,"Z":40.04761401460463},"Threshold":-11.849231033472542,"LessThan":{"Axis":{"X":-0.30901699437494756,"Y":0,"Z":0.9510565162951536},"Threshold":0.10159266776452294,"LessThan":{"Axis":{"X":0,"Y":0,"Z":0},"Threshold":0,"LessThan":null,"GreaterEqual":null,"Leaf":false},"GreaterEqual":{"Axis":{"X":0,"Y":0,"Z":0},"Threshold":0,"LessThan":null,"GreaterEqual":null,"Leaf":false},"Leaf":false},"GreaterEqual":{"Axis":{"X":-2.202936949639218,"Y":0.022642015457193784,"Z":-14.261734456084763},"Threshold":7.489581873087946,"LessThan":{"Axis":{"X":0,"Y":0,"Z":0},"Threshold":0,"LessThan":null,"GreaterEqual":null,"Leaf":true},"GreaterEqual":{"Axis":{"X":0,"Y":0,"Z":0},"Threshold":0,"LessThan":null,"GreaterEqual":null,"Leaf":false},"Leaf":false},"Leaf":false},"Leaf":false},"GreaterEqual":{"Axis":{"X":0,"Y":0,"Z":0},"Threshold":0,"LessThan":null,"GreaterEqual":null,"Leaf":false},"Leaf":false},"Leaf":false},"GreaterEqual":{"Axis":{"X":3.720340889386566,"Y":-0.2567956798306055,"Z":5.474636341288024},"Threshold":1.5261609523610147,"LessThan":{"Axis":{"X":-0.30901699437494756,"Y":0,"Z":0.9510565162951536},"Threshold":-0.6009986965553451,"LessThan":{"Axis":{"X":0,"Y":0,"Z":0},"Threshold":0,"LessThan":null,"GreaterEqual":null,"Leaf":false},"GreaterEqual":{"Axis":{"X":-4.082606000550293,"Y":0.26583194769739804,"Z":-7.587777080863496},"Threshold":-1.8711899253236897,"LessThan":{"Axis":{"X":0,"Y":0,"Z":0},"Threshold":0,"LessThan":null,"GreaterEqual":null,"Leaf":true},"GreaterEqual":{"Axis":{"X":0,"Y":0,"Z":0},"Threshold":0,"LessThan":null,"GreaterEqual":null,"Leaf":false},"Leaf":false},"Leaf":false},"GreaterEqual":{"Axis":{"X":1,"Y":0,"Z":-6.525727206302103e-17},"Threshold":1.4999655489500385,"LessThan":{"Axis":{"X":-1.2641308387496135,"Y":0.18690841624240503,"Z":13.111253067701417},"Threshold":-5.403700887127309,"LessThan":{"Axis":{"X":-0.30901699437494734,"Y":0,"Z":-0.9510565162951536},"Threshold":-0.17062905135032413,"LessThan":{"Axis":{"X":-67.43531726096244,"Y":-36.345343363640474,"Z":21.724827265415996},"Threshold":-69.02159845992458,"LessThan":{"Axis":{"X":0,"Y":0,"Z":0},"Threshold":0,"LessThan":null,"GreaterEqual":null,"Leaf":true},"GreaterEqual":{"Axis":{"X":0,"Y":0,"Z":0},"Threshold":0,"LessThan":null,"GreaterEqual":null,"Leaf":false},"Leaf":false},"GreaterEqual":{"Axis":{"X":0,"Y":0,"Z":0},"Threshold":0,"LessThan":null,"GreaterEqual":null,"Leaf":false},"Leaf":false},"GreaterEqual":{"Axis":{"X":0,"Y":1,"Z":6.123233995736757e-17},"Threshold":0.9964122353080684,"LessThan":{"Axis":{"X":0,"Y":-1,"Z":6.123233995736757e-17},"Threshold":0.9991885322182873,"LessThan":{"Axis":{"X":0,"Y":0,"Z":0},"Threshold":0,"LessThan":null,"GreaterEqual":null,"Leaf":true},"GreaterEqual":{"Axis":{"X":0,"Y":0,"Z":0},"Threshold":0,"LessThan":null,"GreaterEqual":null,"Leaf":false},"Leaf":false},"GreaterEqual":{"Axis":{"X":0,"Y":0,"Z":0},"Threshold":0,"LessThan":null,"GreaterEqual":null,"Leaf":false},"Leaf":false},"Leaf":false},"GreaterEqual":{"Axis":{"X":0,"Y":0,"Z":0},"Threshold":0,"LessThan":null,"GreaterEqual":null,"Leaf":false},"Leaf":false},"Leaf":false},"Leaf":false},"Leaf":false},"GreaterEqual":{"Axis":{"X":0,"Y":-1,"Z":6.123233995736757e-17},"Threshold":0.2995687308107664,"LessThan":{"Axis":{"X":0,"Y":1,"Z":6.123233995736757e-17},"Threshold":0.2967176868170218,"LessThan":{"Axis":{"X":-0.8506508083520401,"Y":-0.4472135954999579,"Z":0.2763932022500209},"Threshold":1.5518732923439842,"LessThan":{"Axis":{"X":2.5138570487325334,"Y":-0.5623228697734932,"Z":1.8536543030036046},"Threshold":6.923666820765168,"LessThan":{"Axis":{"X":0.8090169943749475,"Y":0,"Z":-0.5877852522924731},"Threshold":0.2717206569525791,"LessThan":{"Axis":{"X":2.78356980080545,"Y":0.7654981657894797,"Z":2.0236629941394},"Threshold":7.587035906797412,"LessThan":{"Axis":{"X":-0.8090169943749475,"Y":0,"Z":-0.5877852522924732},"Threshold":-1.6161276312623936,"LessThan":{"Axis":{"X":0,"Y":0,"Z":0},"Threshold":0,"LessThan":null,"GreaterEqual":null,"Leaf":true},"GreaterEqual":{"Axis":{"X":0,"Y":0,"Z":0},"Threshold":0,"LessThan":null,"GreaterEqual":null,"Leaf":false},"Leaf":false},"GreaterEqual":{"Axis":{"X":1.3051454412604205e-16,"Y":-0.5257311121191336,"Z":-0.85065080835204},"Threshold":-3.3436468600585476,"LessThan":{"Axis":{"X":0,"Y":0,"Z":0},"Threshold":0,"LessThan":null,"GreaterEqual":null,"Leaf":false},"GreaterEqual":{"Axis":{"X":0,"Y":0,"Z":0},"Threshold":0,"LessThan":null,"GreaterEqual":null,"Leaf":false},"Leaf":false},"Leaf":false},"GreaterEqual":{"Axis":{"X":-0.30901699437494734,"Y":0,"Z":-0.9510565162951536},"Threshold":-0.7361898958537725,"LessThan":{"Axis":{"X":1,"Y":0,"Z":-6.525727206302103e-17},"Threshold":0.8004103588780891,"LessThan":{"Axis":{"X":0,"Y":0,"Z":0},"Threshold":0,"LessThan":null,"GreaterEqual":null,"Leaf":false},"GreaterEqual":{"Axis":{"X":0,"Y":0,"Z":0},"Threshold":0,"LessThan":null,"GreaterEqual":null,"Leaf":false},"Leaf":false},"GreaterEqual":{"Axis":{"X":-0.30901699437494756,"Y":0,"Z":0.9510565162951536},"Threshold":-0.10372197871296318,"LessThan":{"Axis":{"X":0,"Y":0,"Z":0},"Threshold":0,"LessThan":null,"GreaterEqual":null,"Leaf":false},"GreaterEqual":{"Axis":{"X":0,"Y":0,"Z":0},"Threshold":0,"LessThan":null,"GreaterEqual":null,"Leaf":false},"Leaf":false},"Leaf":false},"Leaf":false},"GreaterEqual":{"Axis":{"X":1,"Y":0,"Z":-6.525727206302103e-17},"Threshold":0.8566988164252878,"LessThan":{"Axis":{"X":-1.8360349588173042,"Y":0.20237328025132154,"Z":9.500386016580986},"Threshold":36.71134644477326,"LessThan":{"Axis":{"X":4.210088677936444,"Y":-1.3352374983200261,"Z":-4.641850225182194},"Threshold":-14.58288523314866,"LessThan":{"Axis":{"X":0,"Y":0,"Z":0},"Threshold":0,"LessThan":null,"GreaterEqual":null,"Leaf":true},"GreaterEqual":{"Axis":{"X":0,"Y":0,"Z":0},"Threshold":0,"LessThan":null,"GreaterEqual":null,"Leaf":false},"Leaf":false},"GreaterEqual":{"Axis":{"X":0,"Y":0,"Z":0},"Threshold":0,"LessThan":null,"GreaterEqual":null,"Leaf":false},"Leaf":false},"GreaterEqual":{"Axis":{"X":0.85065080835204,"Y":-0.4472135954999579,"Z":0.27639320225002106},"Threshold":1.6342548533880392,"LessThan":{"Axis":{"X":1,"Y":0,"Z":-6.525727206302103e-17},